{
  "blues": {
    "precision": 0.8695652173913043,
    "recall": 0.75,
    "f1-score": 0.8053691275167786,
    "support": 80.0
  },
  "classical": {
    "precision": 0.9761904761904762,
    "recall": 0.9425287356321839,
    "f1-score": 0.95906432748538,
    "support": 87.0
  },
  "country": {
    "precision": 0.76,
    "recall": 0.7402597402597403,
    "f1-score": 0.75,
    "support": 77.0
  },
  "disco": {
    "precision": 0.7912087912087912,
    "recall": 0.7741935483870968,
    "f1-score": 0.7826086956521738,
    "support": 93.0
  },
  "hiphop": {
    "precision": 0.8518518518518519,
    "recall": 0.7582417582417582,
    "f1-score": 0.8023255813953489,
    "support": 91.0
  },
  "jazz": {
    "precision": 0.8611111111111112,
    "recall": 0.9253731343283582,
    "f1-score": 0.8920863309352519,
    "support": 67.0
  },
  "metal": {
    "precision": 0.8924731182795699,
    "recall": 0.9120879120879121,
    "f1-score": 0.9021739130434783,
    "support": 91.0
  },
  "pop": {
    "precision": 0.76,
    "recall": 0.8507462686567164,
    "f1-score": 0.8028169014084507,
    "support": 67.0
  },
  "reggae": {
    "precision": 0.6329113924050633,
    "recall": 0.7352941176470589,
    "f1-score": 0.6802721088435374,
    "support": 68.0
  },
  "rock": {
    "precision": 0.4782608695652174,
    "recall": 0.5238095238095238,
    "f1-score": 0.5,
    "support": 21.0
  },
  "accuracy": 0.8126684636118598,
  "macro avg": {
    "precision": 0.7873572828003386,
    "recall": 0.7912534739050348,
    "f1-score": 0.78767169862804,
    "support": 742.0
  },
  "weighted avg": {
    "precision": 0.8180939030634921,
    "recall": 0.8126684636118598,
    "f1-score": 0.8137833010115152,
    "support": 742.0
  }
}