{
  "blues": {
    "precision": 0.9090909090909091,
    "recall": 0.625,
    "f1-score": 0.7407407407407406,
    "support": 16.0
  },
  "classical": {
    "precision": 0.9285714285714286,
    "recall": 0.9285714285714286,
    "f1-score": 0.9285714285714286,
    "support": 14.0
  },
  "country": {
    "precision": 0.6923076923076923,
    "recall": 0.75,
    "f1-score": 0.7199999999999999,
    "support": 12.0
  },
  "disco": {
    "precision": 0.8,
    "recall": 0.7619047619047619,
    "f1-score": 0.7804878048780488,
    "support": 21.0
  },
  "hiphop": {
    "precision": 0.75,
    "recall": 0.7894736842105263,
    "f1-score": 0.7692307692307692,
    "support": 19.0
  },
  "jazz": {
    "precision": 0.9333333333333333,
    "recall": 0.8235294117647058,
    "f1-score": 0.8749999999999999,
    "support": 17.0
  },
  "metal": {
    "precision": 0.8235294117647058,
    "recall": 0.875,
    "f1-score": 0.8484848484848485,
    "support": 16.0
  },
  "pop": {
    "precision": 0.7894736842105263,
    "recall": 0.7894736842105263,
    "f1-score": 0.7894736842105263,
    "support": 19.0
  },
  "reggae": {
    "precision": 0.6111111111111112,
    "recall": 0.9166666666666666,
    "f1-score": 0.7333333333333334,
    "support": 12.0
  },
  "rock": {
    "precision": 1.0,
    "recall": 0.6666666666666666,
    "f1-score": 0.8,
    "support": 3.0
  },
  "accuracy": 0.7986577181208053,
  "macro avg": {
    "precision": 0.8237417570389706,
    "recall": 0.7926286303995284,
    "f1-score": 0.7985322609449695,
    "support": 149.0
  },
  "weighted avg": {
    "precision": 0.8139571640361217,
    "recall": 0.7986577181208053,
    "f1-score": 0.7996526036606246,
    "support": 149.0
  }
}