{
  "blues": {
    "precision": 0.9090909090909091,
    "recall": 0.625,
    "f1-score": 0.7407407407407406,
    "support": 16.0
  },
  "classical": {
    "precision": 0.7857142857142857,
    "recall": 0.8461538461538461,
    "f1-score": 0.8148148148148148,
    "support": 13.0
  },
  "country": {
    "precision": 0.6923076923076923,
    "recall": 0.8181818181818182,
    "f1-score": 0.7500000000000001,
    "support": 11.0
  },
  "disco": {
    "precision": 0.75,
    "recall": 0.7894736842105263,
    "f1-score": 0.7692307692307692,
    "support": 19.0
  },
  "hiphop": {
    "precision": 0.7,
    "recall": 0.8235294117647058,
    "f1-score": 0.7567567567567567,
    "support": 17.0
  },
  "jazz": {
    "precision": 0.8666666666666667,
    "recall": 0.8125,
    "f1-score": 0.8387096774193549,
    "support": 16.0
  },
  "metal": {
    "precision": 0.8235294117647058,
    "recall": 0.8235294117647058,
    "f1-score": 0.8235294117647058,
    "support": 17.0
  },
  "pop": {
    "precision": 0.8421052631578947,
    "recall": 0.7272727272727273,
    "f1-score": 0.7804878048780488,
    "support": 22.0
  },
  "reggae": {
    "precision": 0.6666666666666666,
    "recall": 0.8571428571428571,
    "f1-score": 0.75,
    "support": 14.0
  },
  "rock": {
    "precision": 1.0,
    "recall": 0.5,
    "f1-score": 0.6666666666666666,
    "support": 4.0
  },
  "accuracy": 0.7785234899328859,
  "macro avg": {
    "precision": 0.8036080895368822,
    "recall": 0.7622783756491186,
    "f1-score": 0.7690936642271857,
    "support": 149.0
  },
  "weighted avg": {
    "precision": 0.7936338299637486,
    "recall": 0.7785234899328859,
    "f1-score": 0.7780634036066264,
    "support": 149.0
  }
}