{
  "blues": {
    "precision": 0.891566265060241,
    "recall": 0.7789473684210526,
    "f1-score": 0.8314606741573033,
    "support": 95.0
  },
  "classical": {
    "precision": 0.9662921348314607,
    "recall": 0.9052631578947369,
    "f1-score": 0.9347826086956522,
    "support": 95.0
  },
  "country": {
    "precision": 0.8554216867469879,
    "recall": 0.7717391304347826,
    "f1-score": 0.8114285714285713,
    "support": 92.0
  },
  "disco": {
    "precision": 0.8795180722891566,
    "recall": 0.7684210526315789,
    "f1-score": 0.8202247191011235,
    "support": 95.0
  },
  "hiphop": {
    "precision": 0.8080808080808081,
    "recall": 0.8695652173913043,
    "f1-score": 0.837696335078534,
    "support": 92.0
  },
  "jazz": {
    "precision": 0.8426966292134831,
    "recall": 0.9146341463414634,
    "f1-score": 0.8771929824561403,
    "support": 82.0
  },
  "metal": {
    "precision": 0.8842105263157894,
    "recall": 0.9032258064516129,
    "f1-score": 0.8936170212765957,
    "support": 93.0
  },
  "pop": {
    "precision": 0.891566265060241,
    "recall": 0.8505747126436781,
    "f1-score": 0.8705882352941176,
    "support": 87.0
  },
  "reggae": {
    "precision": 0.8130841121495327,
    "recall": 0.90625,
    "f1-score": 0.8571428571428572,
    "support": 96.0
  },
  "rock": {
    "precision": 0.25,
    "recall": 0.75,
    "f1-score": 0.375,
    "support": 8.0
  },
  "accuracy": 0.8502994011976048,
  "macro avg": {
    "precision": 0.80824364997477,
    "recall": 0.8418620592210211,
    "f1-score": 0.8109134004630896,
    "support": 835.0
  },
  "weighted avg": {
    "precision": 0.8647281877255196,
    "recall": 0.8502994011976048,
    "f1-score": 0.8544874848870906,
    "support": 835.0
  }
}