{
  "blues": {
    "precision": 0.7414965986394558,
    "recall": 0.6687116564417178,
    "f1-score": 0.7032258064516129,
    "support": 163.0
  },
  "classical": {
    "precision": 0.9112426035502958,
    "recall": 0.9166666666666666,
    "f1-score": 0.9139465875370919,
    "support": 168.0
  },
  "country": {
    "precision": 0.754601226993865,
    "recall": 0.76875,
    "f1-score": 0.7616099071207431,
    "support": 160.0
  },
  "disco": {
    "precision": 0.7515151515151515,
    "recall": 0.7701863354037267,
    "f1-score": 0.7607361963190183,
    "support": 161.0
  },
  "hiphop": {
    "precision": 0.7664670658682635,
    "recall": 0.847682119205298,
    "f1-score": 0.8050314465408805,
    "support": 151.0
  },
  "jazz": {
    "precision": 0.8111888111888111,
    "recall": 0.7388535031847133,
    "f1-score": 0.7733333333333333,
    "support": 157.0
  },
  "metal": {
    "precision": 0.893491124260355,
    "recall": 0.877906976744186,
    "f1-score": 0.8856304985337242,
    "support": 172.0
  },
  "pop": {
    "precision": 0.8734177215189873,
    "recall": 0.8679245283018868,
    "f1-score": 0.8706624605678234,
    "support": 159.0
  },
  "reggae": {
    "precision": 0.7579617834394905,
    "recall": 0.8040540540540541,
    "f1-score": 0.7803278688524591,
    "support": 148.0
  },
  "rock": {
    "precision": 0.6521739130434783,
    "recall": 0.6666666666666666,
    "f1-score": 0.6593406593406593,
    "support": 45.0
  },
  "accuracy": 0.8032345013477089,
  "macro avg": {
    "precision": 0.7913556000018154,
    "recall": 0.7927402506668917,
    "f1-score": 0.7913844764597346,
    "support": 1484.0
  },
  "weighted avg": {
    "precision": 0.8038113680058565,
    "recall": 0.8032345013477089,
    "f1-score": 0.80283063268471,
    "support": 1484.0
  }
}