{
  "blues": {
    "precision": 0.9420289855072463,
    "recall": 0.8666666666666667,
    "f1-score": 0.9027777777777778,
    "support": 75.0
  },
  "classical": {
    "precision": 0.9523809523809523,
    "recall": 0.963855421686747,
    "f1-score": 0.9580838323353292,
    "support": 83.0
  },
  "country": {
    "precision": 0.9333333333333333,
    "recall": 0.7446808510638298,
    "f1-score": 0.8284023668639054,
    "support": 94.0
  },
  "disco": {
    "precision": 0.8901098901098901,
    "recall": 0.8526315789473684,
    "f1-score": 0.8709677419354839,
    "support": 95.0
  },
  "hiphop": {
    "precision": 0.8888888888888888,
    "recall": 0.8674698795180723,
    "f1-score": 0.8780487804878048,
    "support": 83.0
  },
  "jazz": {
    "precision": 0.8888888888888888,
    "recall": 0.9142857142857143,
    "f1-score": 0.9014084507042254,
    "support": 70.0
  },
  "metal": {
    "precision": 0.8924731182795699,
    "recall": 0.9431818181818182,
    "f1-score": 0.9171270718232044,
    "support": 88.0
  },
  "pop": {
    "precision": 0.7466666666666667,
    "recall": 0.9180327868852459,
    "f1-score": 0.823529411764706,
    "support": 61.0
  },
  "reggae": {
    "precision": 0.8354430379746836,
    "recall": 0.8571428571428571,
    "f1-score": 0.846153846153846,
    "support": 77.0
  },
  "rock": {
    "precision": 0.6086956521739131,
    "recall": 0.875,
    "f1-score": 0.717948717948718,
    "support": 16.0
  },
  "accuracy": 0.8773584905660378,
  "macro avg": {
    "precision": 0.8578909414204032,
    "recall": 0.8802947574378319,
    "f1-score": 0.8644447997795,
    "support": 742.0
  },
  "weighted avg": {
    "precision": 0.8842939505236354,
    "recall": 0.8773584905660378,
    "f1-score": 0.8778991803169031,
    "support": 742.0
  }
}