{
  "blues": {
    "precision": 0.8840579710144928,
    "recall": 0.7625,
    "f1-score": 0.8187919463087248,
    "support": 80.0
  },
  "classical": {
    "precision": 0.9285714285714286,
    "recall": 0.9512195121951219,
    "f1-score": 0.9397590361445782,
    "support": 82.0
  },
  "country": {
    "precision": 0.7333333333333333,
    "recall": 0.7534246575342466,
    "f1-score": 0.7432432432432433,
    "support": 73.0
  },
  "disco": {
    "precision": 0.7802197802197802,
    "recall": 0.7634408602150538,
    "f1-score": 0.7717391304347825,
    "support": 93.0
  },
  "hiphop": {
    "precision": 0.8765432098765432,
    "recall": 0.7717391304347826,
    "f1-score": 0.8208092485549133,
    "support": 92.0
  },
  "jazz": {
    "precision": 0.8611111111111112,
    "recall": 0.8378378378378378,
    "f1-score": 0.8493150684931507,
    "support": 74.0
  },
  "metal": {
    "precision": 0.8817204301075269,
    "recall": 0.9425287356321839,
    "f1-score": 0.9111111111111111,
    "support": 87.0
  },
  "pop": {
    "precision": 0.7466666666666667,
    "recall": 0.8235294117647058,
    "f1-score": 0.7832167832167831,
    "support": 68.0
  },
  "reggae": {
    "precision": 0.6455696202531646,
    "recall": 0.7391304347826086,
    "f1-score": 0.6891891891891891,
    "support": 69.0
  },
  "rock": {
    "precision": 0.5217391304347826,
    "recall": 0.5,
    "f1-score": 0.5106382978723404,
    "support": 24.0
  },
  "accuracy": 0.807277628032345,
  "macro avg": {
    "precision": 0.785953268158883,
    "recall": 0.7845350580396542,
    "f1-score": 0.7837813054568816,
    "support": 742.0
  },
  "weighted avg": {
    "precision": 0.8111516427617858,
    "recall": 0.807277628032345,
    "f1-score": 0.807669325633003,
    "support": 742.0
  }
}