{
  "blues": {
    "precision": 0.8,
    "recall": 0.6,
    "f1-score": 0.6857142857142857,
    "support": 20.0
  },
  "classical": {
    "precision": 0.9047619047619048,
    "recall": 0.9047619047619048,
    "f1-score": 0.9047619047619048,
    "support": 21.0
  },
  "country": {
    "precision": 0.6666666666666666,
    "recall": 0.625,
    "f1-score": 0.6451612903225806,
    "support": 16.0
  },
  "disco": {
    "precision": 0.65,
    "recall": 0.7647058823529411,
    "f1-score": 0.7027027027027027,
    "support": 17.0
  },
  "hiphop": {
    "precision": 0.7058823529411765,
    "recall": 0.75,
    "f1-score": 0.7272727272727272,
    "support": 16.0
  },
  "jazz": {
    "precision": 0.7333333333333333,
    "recall": 0.8461538461538461,
    "f1-score": 0.7857142857142856,
    "support": 13.0
  },
  "metal": {
    "precision": 0.9444444444444444,
    "recall": 0.8095238095238095,
    "f1-score": 0.8717948717948718,
    "support": 21.0
  },
  "pop": {
    "precision": 0.7916666666666666,
    "recall": 0.8260869565217391,
    "f1-score": 0.8085106382978724,
    "support": 23.0
  },
  "reggae": {
    "precision": 0.7058823529411765,
    "recall": 0.631578947368421,
    "f1-score": 0.6666666666666667,
    "support": 19.0
  },
  "rock": {
    "precision": 0.2,
    "recall": 1.0,
    "f1-score": 0.33333333333333337,
    "support": 1.0
  },
  "accuracy": 0.7544910179640718,
  "macro avg": {
    "precision": 0.7102637721755369,
    "recall": 0.7757811346682661,
    "f1-score": 0.713163270658123,
    "support": 167.0
  },
  "weighted avg": {
    "precision": 0.773638018081484,
    "recall": 0.7544910179640718,
    "f1-score": 0.7589035846981178,
    "support": 167.0
  }
}