{
  "blues": {
    "precision": 0.9090909090909091,
    "recall": 0.7142857142857143,
    "f1-score": 0.8,
    "support": 14.0
  },
  "classical": {
    "precision": 0.9285714285714286,
    "recall": 0.9285714285714286,
    "f1-score": 0.9285714285714286,
    "support": 14.0
  },
  "country": {
    "precision": 0.7692307692307693,
    "recall": 0.7692307692307693,
    "f1-score": 0.7692307692307693,
    "support": 13.0
  },
  "disco": {
    "precision": 0.75,
    "recall": 0.625,
    "f1-score": 0.6818181818181818,
    "support": 24.0
  },
  "hiphop": {
    "precision": 0.65,
    "recall": 0.7222222222222222,
    "f1-score": 0.6842105263157895,
    "support": 18.0
  },
  "jazz": {
    "precision": 0.9333333333333333,
    "recall": 0.7777777777777778,
    "f1-score": 0.8484848484848485,
    "support": 18.0
  },
  "metal": {
    "precision": 0.8823529411764706,
    "recall": 0.8823529411764706,
    "f1-score": 0.8823529411764706,
    "support": 17.0
  },
  "pop": {
    "precision": 0.7894736842105263,
    "recall": 0.7894736842105263,
    "f1-score": 0.7894736842105263,
    "support": 19.0
  },
  "reggae": {
    "precision": 0.5,
    "recall": 0.9,
    "f1-score": 0.6428571428571429,
    "support": 10.0
  },
  "rock": {
    "precision": 0.5,
    "recall": 0.5,
    "f1-score": 0.5,
    "support": 2.0
  },
  "accuracy": 0.7718120805369127,
  "macro avg": {
    "precision": 0.7612053065613438,
    "recall": 0.7608914537474909,
    "f1-score": 0.7526999522665158,
    "support": 149.0
  },
  "weighted avg": {
    "precision": 0.7934716290420988,
    "recall": 0.7718120805369127,
    "f1-score": 0.7757095606618744,
    "support": 149.0
  }
}