{
  "blues": {
    "precision": 0.9591836734693877,
    "recall": 0.8650306748466258,
    "f1-score": 0.9096774193548387,
    "support": 163.0
  },
  "classical": {
    "precision": 0.9408284023668639,
    "recall": 0.9244186046511628,
    "f1-score": 0.9325513196480938,
    "support": 172.0
  },
  "country": {
    "precision": 0.8773006134969326,
    "recall": 0.8411764705882353,
    "f1-score": 0.858858858858859,
    "support": 170.0
  },
  "disco": {
    "precision": 0.9272727272727272,
    "recall": 0.8453038674033149,
    "f1-score": 0.884393063583815,
    "support": 181.0
  },
  "hiphop": {
    "precision": 0.8622754491017964,
    "recall": 0.9411764705882353,
    "f1-score": 0.9,
    "support": 153.0
  },
  "jazz": {
    "precision": 0.8811188811188811,
    "recall": 0.9,
    "f1-score": 0.8904593639575972,
    "support": 140.0
  },
  "metal": {
    "precision": 0.9112426035502958,
    "recall": 0.9506172839506173,
    "f1-score": 0.9305135951661632,
    "support": 162.0
  },
  "pop": {
    "precision": 0.9113924050632911,
    "recall": 0.9795918367346939,
    "f1-score": 0.9442622950819672,
    "support": 147.0
  },
  "reggae": {
    "precision": 0.89171974522293,
    "recall": 0.9032258064516129,
    "f1-score": 0.8974358974358975,
    "support": 155.0
  },
  "rock": {
    "precision": 0.717391304347826,
    "recall": 0.8048780487804879,
    "f1-score": 0.7586206896551724,
    "support": 41.0
  },
  "accuracy": 0.9009433962264151,
  "macro avg": {
    "precision": 0.8879725805010933,
    "recall": 0.8955419063994985,
    "f1-score": 0.8906772502742404,
    "support": 1484.0
  },
  "weighted avg": {
    "precision": 0.9027340082816293,
    "recall": 0.9009433962264151,
    "f1-score": 0.9008608355629683,
    "support": 1484.0
  }
}