{
  "blues": {
    "precision": 0.6363636363636364,
    "recall": 0.7,
    "f1-score": 0.6666666666666666,
    "support": 10.0
  },
  "classical": {
    "precision": 0.9285714285714286,
    "recall": 0.9285714285714286,
    "f1-score": 0.9285714285714286,
    "support": 14.0
  },
  "country": {
    "precision": 0.8461538461538461,
    "recall": 0.4782608695652174,
    "f1-score": 0.6111111111111112,
    "support": 23.0
  },
  "disco": {
    "precision": 0.9,
    "recall": 0.6923076923076923,
    "f1-score": 0.7826086956521738,
    "support": 26.0
  },
  "hiphop": {
    "precision": 0.65,
    "recall": 0.8666666666666667,
    "f1-score": 0.7428571428571429,
    "support": 15.0
  },
  "jazz": {
    "precision": 0.8,
    "recall": 0.8571428571428571,
    "f1-score": 0.8275862068965518,
    "support": 14.0
  },
  "metal": {
    "precision": 0.8823529411764706,
    "recall": 1.0,
    "f1-score": 0.9375,
    "support": 15.0
  },
  "pop": {
    "precision": 0.8421052631578947,
    "recall": 0.8888888888888888,
    "f1-score": 0.8648648648648649,
    "support": 18.0
  },
  "reggae": {
    "precision": 0.6111111111111112,
    "recall": 0.9166666666666666,
    "f1-score": 0.7333333333333334,
    "support": 12.0
  },
  "rock": {
    "precision": 0.5,
    "recall": 0.5,
    "f1-score": 0.5,
    "support": 2.0
  },
  "accuracy": 0.785234899328859,
  "macro avg": {
    "precision": 0.7596658226534387,
    "recall": 0.7828505069809417,
    "f1-score": 0.7595099449953273,
    "support": 149.0
  },
  "weighted avg": {
    "precision": 0.8047093759261564,
    "recall": 0.785234899328859,
    "f1-score": 0.780061610175538,
    "support": 149.0
  }
}