{
  "blues": {
    "precision": 0.8775510204081632,
    "recall": 0.6482412060301508,
    "f1-score": 0.7456647398843931,
    "support": 199.0
  },
  "classical": {
    "precision": 0.9408284023668639,
    "recall": 0.8833333333333333,
    "f1-score": 0.9111747851002865,
    "support": 180.0
  },
  "country": {
    "precision": 0.7300613496932515,
    "recall": 0.7628205128205128,
    "f1-score": 0.7460815047021943,
    "support": 156.0
  },
  "disco": {
    "precision": 0.7333333333333333,
    "recall": 0.8120805369127517,
    "f1-score": 0.7707006369426752,
    "support": 149.0
  },
  "hiphop": {
    "precision": 0.7964071856287425,
    "recall": 0.83125,
    "f1-score": 0.8134556574923548,
    "support": 160.0
  },
  "jazz": {
    "precision": 0.8111888111888111,
    "recall": 0.8,
    "f1-score": 0.8055555555555556,
    "support": 145.0
  },
  "metal": {
    "precision": 0.8757396449704142,
    "recall": 0.9192546583850931,
    "f1-score": 0.896969696969697,
    "support": 161.0
  },
  "pop": {
    "precision": 0.8354430379746836,
    "recall": 0.88,
    "f1-score": 0.8571428571428572,
    "support": 150.0
  },
  "reggae": {
    "precision": 0.7515923566878981,
    "recall": 0.7866666666666666,
    "f1-score": 0.768729641693811,
    "support": 150.0
  },
  "rock": {
    "precision": 0.4782608695652174,
    "recall": 0.6470588235294118,
    "f1-score": 0.55,
    "support": 34.0
  },
  "accuracy": 0.8066037735849056,
  "macro avg": {
    "precision": 0.7830406011817379,
    "recall": 0.797070573767792,
    "f1-score": 0.7865475075483824,
    "support": 1484.0
  },
  "weighted avg": {
    "precision": 0.8136764094568005,
    "recall": 0.8066037735849056,
    "f1-score": 0.8069901017419141,
    "support": 1484.0
  }
}