{
  "blues": {
    "precision": 0.9855072463768116,
    "recall": 0.8292682926829268,
    "f1-score": 0.9006622516556291,
    "support": 82.0
  },
  "classical": {
    "precision": 0.9761904761904762,
    "recall": 0.9425287356321839,
    "f1-score": 0.95906432748538,
    "support": 87.0
  },
  "country": {
    "precision": 0.9333333333333333,
    "recall": 0.8045977011494253,
    "f1-score": 0.8641975308641976,
    "support": 87.0
  },
  "disco": {
    "precision": 0.9010989010989011,
    "recall": 0.9213483146067416,
    "f1-score": 0.9111111111111112,
    "support": 89.0
  },
  "hiphop": {
    "precision": 0.9135802469135802,
    "recall": 0.9024390243902439,
    "f1-score": 0.9079754601226994,
    "support": 82.0
  },
  "jazz": {
    "precision": 0.9166666666666666,
    "recall": 0.9705882352941176,
    "f1-score": 0.9428571428571428,
    "support": 68.0
  },
  "metal": {
    "precision": 0.9247311827956989,
    "recall": 0.9555555555555556,
    "f1-score": 0.9398907103825136,
    "support": 90.0
  },
  "pop": {
    "precision": 0.8533333333333334,
    "recall": 0.9411764705882353,
    "f1-score": 0.8951048951048952,
    "support": 68.0
  },
  "reggae": {
    "precision": 0.8227848101265823,
    "recall": 0.8904109589041096,
    "f1-score": 0.855263157894737,
    "support": 73.0
  },
  "rock": {
    "precision": 0.6086956521739131,
    "recall": 0.875,
    "f1-score": 0.717948717948718,
    "support": 16.0
  },
  "accuracy": 0.9043126684636119,
  "macro avg": {
    "precision": 0.8835921849009299,
    "recall": 0.903291328880354,
    "f1-score": 0.8894075305427023,
    "support": 742.0
  },
  "weighted avg": {
    "precision": 0.9102961942073069,
    "recall": 0.9043126684636119,
    "f1-score": 0.9050053038550744,
    "support": 742.0
  }
}