{
  "blues": {
    "precision": 0.855072463768116,
    "recall": 0.686046511627907,
    "f1-score": 0.7612903225806451,
    "support": 86.0
  },
  "classical": {
    "precision": 0.9761904761904762,
    "recall": 0.9534883720930233,
    "f1-score": 0.9647058823529412,
    "support": 86.0
  },
  "country": {
    "precision": 0.8,
    "recall": 0.7228915662650602,
    "f1-score": 0.759493670886076,
    "support": 83.0
  },
  "disco": {
    "precision": 0.7802197802197802,
    "recall": 0.7553191489361702,
    "f1-score": 0.7675675675675676,
    "support": 94.0
  },
  "hiphop": {
    "precision": 0.8024691358024691,
    "recall": 0.7558139534883721,
    "f1-score": 0.7784431137724551,
    "support": 86.0
  },
  "jazz": {
    "precision": 0.875,
    "recall": 0.9264705882352942,
    "f1-score": 0.9,
    "support": 68.0
  },
  "metal": {
    "precision": 0.8709677419354839,
    "recall": 0.9204545454545454,
    "f1-score": 0.8950276243093922,
    "support": 88.0
  },
  "pop": {
    "precision": 0.7333333333333333,
    "recall": 0.859375,
    "f1-score": 0.79136690647482,
    "support": 64.0
  },
  "reggae": {
    "precision": 0.6455696202531646,
    "recall": 0.796875,
    "f1-score": 0.7132867132867134,
    "support": 64.0
  },
  "rock": {
    "precision": 0.5652173913043478,
    "recall": 0.5652173913043478,
    "f1-score": 0.5652173913043478,
    "support": 23.0
  },
  "accuracy": 0.8086253369272237,
  "macro avg": {
    "precision": 0.7904039942807171,
    "recall": 0.794195207740472,
    "f1-score": 0.7896399192534959,
    "support": 742.0
  },
  "weighted avg": {
    "precision": 0.81352637220481,
    "recall": 0.8086253369272237,
    "f1-score": 0.8083980728404041,
    "support": 742.0
  }
}