{
  "blues": {
    "precision": 0.7333333333333333,
    "recall": 0.5789473684210527,
    "f1-score": 0.6470588235294117,
    "support": 19.0
  },
  "classical": {
    "precision": 0.9523809523809523,
    "recall": 0.9090909090909091,
    "f1-score": 0.9302325581395349,
    "support": 22.0
  },
  "country": {
    "precision": 0.6,
    "recall": 0.6428571428571429,
    "f1-score": 0.6206896551724138,
    "support": 14.0
  },
  "disco": {
    "precision": 0.65,
    "recall": 0.7647058823529411,
    "f1-score": 0.7027027027027027,
    "support": 17.0
  },
  "hiphop": {
    "precision": 0.8235294117647058,
    "recall": 0.7,
    "f1-score": 0.7567567567567567,
    "support": 20.0
  },
  "jazz": {
    "precision": 0.6666666666666666,
    "recall": 0.7692307692307693,
    "f1-score": 0.7142857142857142,
    "support": 13.0
  },
  "metal": {
    "precision": 0.8888888888888888,
    "recall": 0.8421052631578947,
    "f1-score": 0.8648648648648649,
    "support": 19.0
  },
  "pop": {
    "precision": 0.7916666666666666,
    "recall": 0.8636363636363636,
    "f1-score": 0.8260869565217391,
    "support": 22.0
  },
  "reggae": {
    "precision": 0.8235294117647058,
    "recall": 0.7,
    "f1-score": 0.7567567567567567,
    "support": 20.0
  },
  "rock": {
    "precision": 0.2,
    "recall": 1.0,
    "f1-score": 0.33333333333333337,
    "support": 1.0
  },
  "accuracy": 0.7604790419161677,
  "macro avg": {
    "precision": 0.7129995331465919,
    "recall": 0.7770573698747074,
    "f1-score": 0.7152768122063229,
    "support": 167.0
  },
  "weighted avg": {
    "precision": 0.7811324130450583,
    "recall": 0.7604790419161677,
    "f1-score": 0.7658113677228557,
    "support": 167.0
  }
}