{
  "blues": {
    "precision": 0.9659863945578231,
    "recall": 0.8255813953488372,
    "f1-score": 0.890282131661442,
    "support": 172.0
  },
  "classical": {
    "precision": 0.9881656804733728,
    "recall": 0.9175824175824175,
    "f1-score": 0.9515669515669516,
    "support": 182.0
  },
  "country": {
    "precision": 0.8466257668711656,
    "recall": 0.8734177215189873,
    "f1-score": 0.8598130841121495,
    "support": 158.0
  },
  "disco": {
    "precision": 0.9393939393939394,
    "recall": 0.9226190476190477,
    "f1-score": 0.9309309309309309,
    "support": 168.0
  },
  "hiphop": {
    "precision": 0.874251497005988,
    "recall": 0.954248366013072,
    "f1-score": 0.9125,
    "support": 153.0
  },
  "jazz": {
    "precision": 0.9090909090909091,
    "recall": 0.9219858156028369,
    "f1-score": 0.9154929577464789,
    "support": 141.0
  },
  "metal": {
    "precision": 0.9053254437869822,
    "recall": 0.9503105590062112,
    "f1-score": 0.9272727272727274,
    "support": 161.0
  },
  "pop": {
    "precision": 0.930379746835443,
    "recall": 0.9363057324840764,
    "f1-score": 0.9333333333333332,
    "support": 157.0
  },
  "reggae": {
    "precision": 0.8980891719745223,
    "recall": 0.9155844155844156,
    "f1-score": 0.9067524115755626,
    "support": 154.0
  },
  "rock": {
    "precision": 0.6739130434782609,
    "recall": 0.8157894736842105,
    "f1-score": 0.7380952380952381,
    "support": 38.0
  },
  "accuracy": 0.9097035040431267,
  "macro avg": {
    "precision": 0.8931221593468408,
    "recall": 0.9033424944444113,
    "f1-score": 0.8966039766294813,
    "support": 1484.0
  },
  "weighted avg": {
    "precision": 0.9132510840679104,
    "recall": 0.9097035040431267,
    "f1-score": 0.9102219106562135,
    "support": 1484.0
  }
}