{
  "blues": {
    "precision": 0.8571428571428571,
    "recall": 0.8484848484848485,
    "f1-score": 0.8527918781725888,
    "support": 198.0
  },
  "classical": {
    "precision": 0.9510869565217391,
    "recall": 0.875,
    "f1-score": 0.9114583333333333,
    "support": 200.0
  },
  "country": {
    "precision": 0.8222222222222222,
    "recall": 0.7872340425531915,
    "f1-score": 0.8043478260869565,
    "support": 188.0
  },
  "disco": {
    "precision": 0.8722222222222222,
    "recall": 0.8092783505154639,
    "f1-score": 0.839572192513369,
    "support": 194.0
  },
  "hiphop": {
    "precision": 0.8156424581005587,
    "recall": 0.9182389937106918,
    "f1-score": 0.8639053254437871,
    "support": 159.0
  },
  "jazz": {
    "precision": 0.8424242424242424,
    "recall": 0.8373493975903614,
    "f1-score": 0.8398791540785497,
    "support": 166.0
  },
  "metal": {
    "precision": 0.9230769230769231,
    "recall": 0.875,
    "f1-score": 0.8983957219251337,
    "support": 192.0
  },
  "pop": {
    "precision": 0.9142857142857143,
    "recall": 0.9090909090909091,
    "f1-score": 0.9116809116809117,
    "support": 176.0
  },
  "reggae": {
    "precision": 0.8397790055248618,
    "recall": 0.8735632183908046,
    "f1-score": 0.856338028169014,
    "support": 174.0
  },
  "rock": {
    "precision": 0.425531914893617,
    "recall": 0.9090909090909091,
    "f1-score": 0.5797101449275361,
    "support": 22.0
  },
  "accuracy": 0.8585979628520072,
  "macro avg": {
    "precision": 0.8263414516414958,
    "recall": 0.864233066942718,
    "f1-score": 0.835807951633118,
    "support": 1669.0
  },
  "weighted avg": {
    "precision": 0.8669133882696083,
    "recall": 0.8585979628520072,
    "f1-score": 0.8608292394695403,
    "support": 1669.0
  }
}