{
  "blues": {
    "precision": 0.8469387755102041,
    "recall": 0.8645833333333334,
    "f1-score": 0.8556701030927835,
    "support": 192.0
  },
  "classical": {
    "precision": 0.9565217391304348,
    "recall": 0.8934010152284264,
    "f1-score": 0.9238845144356955,
    "support": 197.0
  },
  "country": {
    "precision": 0.8111111111111111,
    "recall": 0.7807486631016043,
    "f1-score": 0.7956403269754769,
    "support": 187.0
  },
  "disco": {
    "precision": 0.85,
    "recall": 0.8181818181818182,
    "f1-score": 0.8337874659400545,
    "support": 187.0
  },
  "hiphop": {
    "precision": 0.8324022346368715,
    "recall": 0.9141104294478528,
    "f1-score": 0.8713450292397661,
    "support": 163.0
  },
  "jazz": {
    "precision": 0.8242424242424242,
    "recall": 0.7861271676300579,
    "f1-score": 0.8047337278106509,
    "support": 173.0
  },
  "metal": {
    "precision": 0.9395604395604396,
    "recall": 0.868020304568528,
    "f1-score": 0.9023746701846965,
    "support": 197.0
  },
  "pop": {
    "precision": 0.9085714285714286,
    "recall": 0.9085714285714286,
    "f1-score": 0.9085714285714287,
    "support": 175.0
  },
  "reggae": {
    "precision": 0.8342541436464088,
    "recall": 0.8579545454545454,
    "f1-score": 0.84593837535014,
    "support": 176.0
  },
  "rock": {
    "precision": 0.425531914893617,
    "recall": 0.9090909090909091,
    "f1-score": 0.5797101449275361,
    "support": 22.0
  },
  "accuracy": 0.8550029958058718,
  "macro avg": {
    "precision": 0.822913421130294,
    "recall": 0.8600789614608504,
    "f1-score": 0.8321655786528229,
    "support": 1669.0
  },
  "weighted avg": {
    "precision": 0.8629323828202613,
    "recall": 0.8550029958058718,
    "f1-score": 0.8571909337127568,
    "support": 1669.0
  }
}