{
  "blues": {
    "precision": 0.8674698795180723,
    "recall": 0.7741935483870968,
    "f1-score": 0.8181818181818182,
    "support": 93.0
  },
  "classical": {
    "precision": 0.9325842696629213,
    "recall": 0.9021739130434783,
    "f1-score": 0.9171270718232043,
    "support": 92.0
  },
  "country": {
    "precision": 0.7951807228915663,
    "recall": 0.7333333333333333,
    "f1-score": 0.7630057803468209,
    "support": 90.0
  },
  "disco": {
    "precision": 0.8433734939759037,
    "recall": 0.8433734939759037,
    "f1-score": 0.8433734939759037,
    "support": 83.0
  },
  "hiphop": {
    "precision": 0.8080808080808081,
    "recall": 0.8888888888888888,
    "f1-score": 0.8465608465608466,
    "support": 90.0
  },
  "jazz": {
    "precision": 0.8764044943820225,
    "recall": 0.8478260869565217,
    "f1-score": 0.861878453038674,
    "support": 92.0
  },
  "metal": {
    "precision": 0.9052631578947369,
    "recall": 0.9052631578947369,
    "f1-score": 0.9052631578947369,
    "support": 95.0
  },
  "pop": {
    "precision": 0.8674698795180723,
    "recall": 0.8181818181818182,
    "f1-score": 0.8421052631578947,
    "support": 88.0
  },
  "reggae": {
    "precision": 0.8504672897196262,
    "recall": 0.883495145631068,
    "f1-score": 0.8666666666666667,
    "support": 103.0
  },
  "rock": {
    "precision": 0.20833333333333334,
    "recall": 0.5555555555555556,
    "f1-score": 0.30303030303030304,
    "support": 9.0
  },
  "accuracy": 0.8419161676646707,
  "macro avg": {
    "precision": 0.7954627328977062,
    "recall": 0.8152284941848402,
    "f1-score": 0.7967192854676869,
    "support": 835.0
  },
  "weighted avg": {
    "precision": 0.8541385426509474,
    "recall": 0.8419161676646707,
    "f1-score": 0.8463707980260193,
    "support": 835.0
  }
}