{
  "blues": {
    "precision": 0.7619047619047619,
    "recall": 0.6706586826347305,
    "f1-score": 0.7133757961783439,
    "support": 167.0
  },
  "classical": {
    "precision": 0.9289940828402367,
    "recall": 0.9075144508670521,
    "f1-score": 0.9181286549707602,
    "support": 173.0
  },
  "country": {
    "precision": 0.7607361963190185,
    "recall": 0.775,
    "f1-score": 0.7678018575851394,
    "support": 160.0
  },
  "disco": {
    "precision": 0.7575757575757576,
    "recall": 0.7763975155279503,
    "f1-score": 0.7668711656441717,
    "support": 161.0
  },
  "hiphop": {
    "precision": 0.7544910179640718,
    "recall": 0.8344370860927153,
    "f1-score": 0.7924528301886793,
    "support": 151.0
  },
  "jazz": {
    "precision": 0.8111888111888111,
    "recall": 0.7483870967741936,
    "f1-score": 0.7785234899328859,
    "support": 155.0
  },
  "metal": {
    "precision": 0.8816568047337278,
    "recall": 0.8713450292397661,
    "f1-score": 0.8764705882352941,
    "support": 171.0
  },
  "pop": {
    "precision": 0.8607594936708861,
    "recall": 0.8888888888888888,
    "f1-score": 0.8745980707395498,
    "support": 153.0
  },
  "reggae": {
    "precision": 0.7579617834394905,
    "recall": 0.7828947368421053,
    "f1-score": 0.7702265372168284,
    "support": 152.0
  },
  "rock": {
    "precision": 0.6086956521739131,
    "recall": 0.6829268292682927,
    "f1-score": 0.6436781609195402,
    "support": 41.0
  },
  "accuracy": 0.8032345013477089,
  "macro avg": {
    "precision": 0.7883964361810676,
    "recall": 0.7938450316135695,
    "f1-score": 0.7902127151611194,
    "support": 1484.0
  },
  "weighted avg": {
    "precision": 0.8045351740970909,
    "recall": 0.8032345013477089,
    "f1-score": 0.8030803922629328,
    "support": 1484.0
  }
}